iter	Logloss
0	0.268173899
1	0.1108031818
2	0.06759308406
3	0.04647957257
4	0.03434388978
5	0.02736658709
6	0.02252562216
7	0.0191556624
8	0.01656896898
9	0.01397539718
